ticker,sic_description,sec_name
AAMI,Investment Advice,Acadian Asset Management Inc.
AAOI,Semiconductors & Related Devices,"APPLIED OPTOELECTRONICS, INC."
ABCL,Pharmaceutical Preparations,AbCellera Biologics Inc.
ABSI,Services-Commercial Physical & Biological Research,Absci Corp
ABTC,Finance Services,American Bitcoin Corp.
ACB,Medicinal Chemicals & Botanical Products,AURORA CANNABIS INC
ACHC,"Services-Specialty Outpatient Facilities, NEC","Acadia Healthcare Company, Inc."
ACHR,Aircraft,Archer Aviation Inc.
ACHV,In Vitro & In Vivo Diagnostic Substances,"ACHIEVE LIFE SCIENCES, INC."
ACLS,"Special Industry Machinery, NEC",AXCELIS TECHNOLOGIES INC
ACMR,"Special Industry Machinery, NEC","ACM Research, Inc."
ACN,"Services-Business Services, NEC",Accenture plc
ADCT,Pharmaceutical Preparations,ADC Therapeutics SA
ADMA,"Biological Products, (No Diagnostic Substances)","ADMA BIOLOGICS, INC."
ADPT,"Biological Products, (No Diagnostic Substances)",Adaptive Biotechnologies Corp
AEHL,"Communications Services, NEC",Antelope Enterprise Holdings Ltd
AEHR,Instruments For Meas & Testing of  Electricity & Elec Signals,AEHR TEST SYSTEMS
AEMD,Surgical & Medical Instruments & Apparatus,AETHLON MEDICAL INC
AEO,Retail-Family Clothing Stores,AMERICAN EAGLE OUTFITTERS INC
AFRM,Personal Credit Institutions,"Affirm Holdings, Inc."
AGEN,"Biological Products, (No Diagnostic Substances)",AGENUS INC
AGL,"Services-Misc Health & Allied Services, NEC","agilon health, inc."
AGPU,Finance Services,Axe Compute Inc.
AGYS,Services-Computer Integrated Systems Design,AGILYSYS INC
AI,Services-Prepackaged Software,"C3.ai, Inc."
AIB,Commodity Contracts Brokers & Dealers,AIB Data Centers Inc.
AIFA,Services-Amusement & Recreation Services,"All In FutureTech Alliance, Inc."
AIFF,Services-Prepackaged Software,"FIREFLY NEUROSCIENCE, INC."
AIP,Semiconductors & Related Devices,"Arteris, Inc."
AIRJ,Air-Cond & Warm Air Heatg Equip & Comm & Indl Refrig Equip,AirJoule Technologies Corp.
AIRO,Aircraft,"AIRO Group Holdings, Inc."
AISP,Services-Prepackaged Software,"Airship AI Holdings, Inc."
ALAB,Semiconductors & Related Devices,"Astera Labs, Inc."
ALEC,"Biological Products, (No Diagnostic Substances)","Alector, Inc."
ALGM,Semiconductors & Related Devices,"ALLEGRO MICROSYSTEMS, INC."
ALLT,Computer Communications Equipment,Allot Ltd.
ALNT,Instruments For Meas & Testing of  Electricity & Elec Signals,ALLIENT INC
ALVO,"Biological Products, (No Diagnostic Substances)",Alvotech
AMBA,Semiconductors & Related Devices,AMBARELLA INC
AMC,Services-Motion Picture Theaters,"AMC ENTERTAINMENT HOLDINGS, INC."
AMD,Semiconductors & Related Devices,ADVANCED MICRO DEVICES INC
AMLX,Pharmaceutical Preparations,"Amylyx Pharmaceuticals, Inc."
AMOD,Patent Owners & Lessors,"ALPHA MODUS HOLDINGS, INC."
AMPH,Pharmaceutical Preparations,"Amphastar Pharmaceuticals, Inc."
AMPL,Services-Prepackaged Software,"Amplitude, Inc."
AMR,Bituminous Coal & Lignite Surface Mining,"Alpha Metallurgical Resources, Inc."
AMRX,Pharmaceutical Preparations,"Amneal Pharmaceuticals, Inc."
ANDG,"Services-Business Services, NEC",Andersen Group Inc.
ANF,Retail-Family Clothing Stores,ABERCROMBIE & FITCH CO /DE/
ANGI,Services-Advertising,Angi Inc.
ANGX,Services-Motion Picture & Video Tape Production,"Angel Studios, Inc."
ANL,Pharmaceutical Preparations,Adlai Nortye Group Ltd.
AOSL,Semiconductors & Related Devices,ALPHA & OMEGA SEMICONDUCTOR Ltd
APPF,Services-Prepackaged Software,APPFOLIO INC
APPN,Services-Prepackaged Software,APPIAN CORP
APPS,Patent Owners & Lessors,"Digital Turbine, Inc."
APUS,Pharmaceutical Preparations,"Apimeds Pharmaceuticals US, Inc."
AQST,Pharmaceutical Preparations,"Aquestive Therapeutics, Inc."
ARCT,Pharmaceutical Preparations,Arcturus Therapeutics Holdings Inc.
ARHS,Retail-Furniture Stores,"Arhaus, Inc."
ARIS,Gold and Silver Ores,Aris Mining Corp
ARM,Semiconductors & Related Devices,ARM HOLDINGS PLC /UK
ARQQ,Services-Prepackaged Software,Arqit Quantum Inc.
ARQT,Pharmaceutical Preparations,"Arcutis Biotherapeutics, Inc."
ASAN,Services-Prepackaged Software,"Asana, Inc."
ASO,Retail-Miscellaneous Shopping Goods Stores,"Academy Sports & Outdoors, Inc."
ASPN,Wholesale-Lumber & Other Construction Materials,ASPEN AEROGELS INC
ASST,Finance Services,"Strive, Inc."
ASTL,"Steel Works, Blast Furnaces & Rolling Mills (Coke Ovens)",Algoma Steel Group Inc.
ASYS,"Special Industry Machinery, NEC",AMTECH SYSTEMS INC
ATEC,Surgical & Medical Instruments & Apparatus,"Alphatec Holdings, Inc."
ATEX,Telephone Communications (No Radiotelephone),Anterix Inc.
ATI,Steel Pipe & Tubes,ATI INC
ATRC,Surgical & Medical Instruments & Apparatus,"AtriCure, Inc."
AUGO,Metal Mining,Aura Minerals Inc.
AUTL,"Biological Products, (No Diagnostic Substances)",Autolus Therapeutics plc
AVAH,Services-Home Health Care Services,"Aveanna Healthcare Holdings, Inc."
AVAT,Finance Services,Avalanche Treasury Corp
AVAV,Aircraft,AeroVironment Inc
AVPT,Services-Prepackaged Software,"AvePoint, Inc."
AVT,"Wholesale-Electronic Parts & Equipment, NEC",AVNET INC
AVX,Finance Services,AVAX ONE TECHNOLOGY LTD.
AXTI,Semiconductors & Related Devices,AXT INC
AYA,Gold and Silver Ores,Aya Gold & Silver Inc.
AZ,"General Industrial Machinery & Equipment, NEC",A2Z CUST2MATE SOLUTIONS CORP.
AZTA,"Special Industry Machinery, NEC","Azenta, Inc."
BAND,Services-Prepackaged Software,Bandwidth Inc.
BB,Services-Prepackaged Software,BLACKBERRY Ltd
BBNX,Surgical & Medical Instruments & Apparatus,"Beta Bionics, Inc."
BDSX,Services-Medical Laboratories,BIODESIX INC
BE,Electrical Industrial Apparatus,Bloom Energy Corp
BETA,Aircraft,"BETA Technologies, Inc."
BFH,Personal Credit Institutions,"BREAD FINANCIAL HOLDINGS, INC."
BFLY,X-Ray Apparatus & Tubes & Related Irradiation Apparatus,"Butterfly Network, Inc."
BH,Retail-Eating  Places,Biglari Holdings Inc.
BHC,Pharmaceutical Preparations,Bausch Health Companies Inc.
BILL,Services-Prepackaged Software,"BILL Holdings, Inc."
BL,Services-Prepackaged Software,"BLACKLINE, INC."
BLLN,Services-Medical Laboratories,"BillionToOne, Inc."
BLMN,Retail-Eating  Places,"Bloomin' Brands, Inc."
BLSH,Finance Services,Bullish
BLZE,Services-Prepackaged Software,"Backblaze, Inc."
BMNR,Finance Services,"BITMINE IMMERSION TECHNOLOGIES, INC."
BNC,Agricultural Services,BNB Standard Corp
BNGO,Laboratory Analytical Instruments,"Bionano Genomics, Inc."
BOBS,Retail-Furniture Stores,"Bob's Discount Furniture, Inc."
BORR,Drilling Oil & Gas Wells,Borr Drilling Ltd
BRKR,Laboratory Analytical Instruments,BRUKER CORP
BRZE,Services-Prepackaged Software,"Braze, Inc."
BSY,Services-Prepackaged Software,BENTLEY SYSTEMS INC
BTCS,Finance Services,BTCS Inc.
BTCT,Finance Services,BTC Digital Ltd.
BTGO,Finance Services,"BITGO HOLDINGS, INC."
BTQ,"Services-Computer Programming, Data Processing, Etc.",BTQ Technologies Corp.
BUUU,Services-Amusement & Recreation Services,BUUU Group Ltd
BVS,Surgical & Medical Instruments & Apparatus,Bioventus Inc.
BXC,"Wholesale-Lumber, Plywood, Millwork & Wood Panels",BlueLinx Holdings Inc.
CADL,"Biological Products, (No Diagnostic Substances)","Candel Therapeutics, Inc."
CAI,Services-Medical Laboratories,"Caris Life Sciences, Inc."
CAL,"Footwear, (No Rubber)",CALERES INC
CAMT,Optical Instruments & Lenses,CAMTEK LTD
CANG,Finance Services,Cango Inc.
CBLL,Electromedical & Electrotherapeutic Apparatus,"Ceribell, Inc."
CBOE,"Security & Commodity Brokers, Dealers, Exchanges & Services","Cboe Global Markets, Inc."
CBRL,Retail-Eating  Places,"CRACKER BARREL OLD COUNTRY STORE, INC"
CCC,Services-Prepackaged Software,CCC Intelligent Solutions Holdings Inc.
CCSI,Services-Prepackaged Software,"Consensus Cloud Solutions, Inc."
CDNA,Services-Medical Laboratories,"CareDx, Inc."
CDW,Retail-Catalog & Mail-Order Houses,CDW Corp
CEG,Electric Services,Constellation Energy Corp
CELH,Bottled & Canned Soft Drinks & Carbonated Waters,"Celsius Holdings, Inc."
CERT,Services-Prepackaged Software,"Certara, Inc."
CEVA,"Services-Computer Programming, Data Processing, Etc.",CEVA INC
CHPT,"Miscellaneous Electrical Machinery, Equipment & Supplies","ChargePoint Holdings, Inc."
CHRN,"General Industrial Machinery & Equipment, NEC",ChronoScale Holdings Corp
CHYM,Finance Services,"Chime Financial, Inc."
CIEN,Telephone & Telegraph Apparatus,CIENA CORP
CLF,Metal Mining,CLEVELAND-CLIFFS INC.
CLMB,Wholesale-Computers & Peripheral Equipment & Software,"Climb Global Solutions, Inc."
CLMT,Petroleum Refining,"Calumet, Inc. /DE"
CLOV,Hospital & Medical Service Plans,"CLOVER HEALTH INVESTMENTS, CORP. /DE"
CLRO,Telephone & Telegraph Apparatus,CLEARONE INC
CLS,Printed Circuit Boards,CELESTICA INC
CLW,Paperboard Mills,Clearwater Paper Corp
CMCL,Gold and Silver Ores,Caledonia Mining Corp Plc
CMCO,Construction Machinery & Equip,COLUMBUS MCKINNON CORP
CMCT,Real Estate Investment Trusts,Creative Media & Community Trust Corp
CMRC,Services-Prepackaged Software,"Commerce.com, Inc."
CNET,"Services-Computer Programming, Data Processing, Etc.",ZW Data Action Technologies Inc.
CNH,Construction Machinery & Equip,CNH Industrial N.V.
CNXC,"Services-Business Services, NEC",Concentrix Corp
COHR,Optical Instruments & Lenses,COHERENT CORP.
COHU,Instruments For Meas & Testing of  Electricity & Elec Signals,COHU INC
COIN,Finance Services,"Coinbase Global, Inc."
COMP,Real Estate Agents & Managers (For Others),"Compass, Inc."
COOK,Household Appliances,"Traeger, Inc."
CORT,Pharmaceutical Preparations,CORCEPT THERAPEUTICS INC
COTY,"Perfumes, Cosmetics & Other Toilet Preparations",COTY INC.
CPOP,Services-Amusement & Recreation Services,"Pop Culture Group Co., Ltd"
CRCL,Finance Services,"Circle Internet Group, Inc."
CRDL,"Biological Products, (No Diagnostic Substances)",Cardiol Therapeutics Inc.
CRDO,Semiconductors & Related Devices,Credo Technology Group Holding Ltd
CRGY,Crude Petroleum & Natural Gas,Crescent Energy Co
CRL,Services-Commercial Physical & Biological Research,"CHARLES RIVER LABORATORIES INTERNATIONAL, INC."
CRML,Metal Mining,Critical Metals Corp.
CRSR,"Computer Peripheral Equipment, NEC","Corsair Gaming, Inc."
CRWD,Services-Prepackaged Software,"CrowdStrike Holdings, Inc."
CRWV,Services-Prepackaged Software,"CoreWeave, Inc."
CSHR,"Security Brokers, Dealers & Flotation Companies",CoinShares PLC
CSTL,Services-Medical Laboratories,CASTLE BIOSCIENCES INC
CTKB,Laboratory Analytical Instruments,"Cytek Biosciences, Inc."
CTSH,Services-Computer Programming Services,COGNIZANT TECHNOLOGY SOLUTIONS CORP
CTVA,Agricultural Production-Crops,"Corteva, Inc."
CVI,Petroleum Refining,CVR ENERGY INC
CVLT,Services-Prepackaged Software,COMMVAULT SYSTEMS INC
CXM,Services-Prepackaged Software,"Sprinklr, Inc."
CXT,Miscellaneous Fabricated Metal Products,"Crane NXT, Co."
CXW,Real Estate Investment Trusts,"CoreCivic, Inc."
CYPH,Pharmaceutical Preparations,CYPHERPUNK TECHNOLOGIES INC.
DAIC,Services-Computer Integrated Systems Design,"CID Holdco, Inc."
DASH,"Services-Business Services, NEC","DoorDash, Inc."
DAVE,Finance Services,Dave Inc./DE
DBGI,Retail-Apparel & Accessory Stores,"Digital Brands Group, Inc."
DBI,Retail-Shoe Stores,Designer Brands Inc.
DBX,Services-Prepackaged Software,"DROPBOX, INC."
DC,Metal Mining,Dakota Gold Corp.
DCH,Motor Vehicle Parts & Accessories,Dauch Corp
DCO,"Aircraft Parts & Auxiliary Equipment, NEC",DUCOMMUN INC /DE/
DDD,Services-Prepackaged Software,3D SYSTEMS CORP
DDOG,Services-Prepackaged Software,"Datadog, Inc."
DDS,Retail-Department Stores,"DILLARD'S, INC."
DELL,Electronic Computers,Dell Technologies Inc.
DFDV,Finance Services,DeFi Development Corp.
DFTX,Medicinal Chemicals & Botanical Products,"Definium Therapeutics, Inc."
DHT,Deep Sea Foreign Transportation of  Freight,"DHT Holdings, Inc."
DINO,Pipe Lines (No Natural Gas),HF Sinclair Corp
DIOD,Semiconductors & Related Devices,DIODES INC /DEL/
DJT,"Services-Computer Programming, Data Processing, Etc.",Trump Media & Technology Group Corp.
DK,Petroleum Refining,"Delek US Holdings, Inc."
DLXY,Wholesale-Petroleum & Petroleum Products (No Bulk Stations),Delixy Holdings Ltd
DNA,"Biological Products, (No Diagnostic Substances)","Ginkgo Bioworks Holdings, Inc."
DOCN,"Services-Computer Programming, Data Processing, Etc.","DigitalOcean Holdings, Inc."
DOCS,Services-Computer Programming Services,"Doximity, Inc."
DOCU,Services-Prepackaged Software,"DOCUSIGN, INC."
DRTS,Surgical & Medical Instruments & Apparatus,Alpha Tau Medical Ltd.
DSGX,Services-Prepackaged Software,DESCARTES SYSTEMS GROUP INC
DSP,"Services-Computer Programming, Data Processing, Etc.",Viant Technology Inc.
DSX,Deep Sea Foreign Transportation of  Freight,DIANA SHIPPING INC.
DUOL,Services-Prepackaged Software,"Duolingo, Inc."
DUOT,Services-Prepackaged Software,"DUOS TECHNOLOGIES GROUP, INC."
DXC,Services-Computer Processing & Data Preparation,DXC Technology Co
DXYZ,,Destiny Tech100 Inc.
EAF,Electrical Industrial Apparatus,GRAFTECH INTERNATIONAL LTD
EAT,Retail-Eating  Places,"BRINKER INTERNATIONAL, INC"
EBS,Pharmaceutical Preparations,Emergent BioSolutions Inc.
ECG,Operative Builders,"Everus Construction Group, Inc."
ECO,Deep Sea Foreign Transportation of  Freight,Okeanis Eco Tankers Corp.
EDHL,Services-Advertising,Everbright Digital Holding Ltd.
EDIT,"Biological Products, (No Diagnostic Substances)","Editas Medicine, Inc."
EDRY,Water Transportation,EuroDry Ltd.
EFOR,Services-Help Supply Services,Everforth Inc
EFXT,General Industrial Machinery & Equipment,Enerflex Ltd.
EGHT,Services-Computer Processing & Data Preparation,8X8 INC /DE/
EGO,Gold and Silver Ores,ELDORADO GOLD CORP /FI
ELF,"Perfumes, Cosmetics & Other Toilet Preparations","e.l.f. Beauty, Inc."
EMBC,Surgical & Medical Instruments & Apparatus,Embecta Corp.
ENGS,Electrical Work,Energys Group Ltd
ENTG,"Plastics Products, NEC",ENTEGRIS INC
EOLS,Pharmaceutical Preparations,"Evolus, Inc."
EPAM,Services-Computer Programming Services,"EPAM Systems, Inc."
EPRX,Pharmaceutical Preparations,EUPRAXIA PHARMACEUTICALS INC.
EQX,Gold and Silver Ores,Equinox Gold Corp.
ERAS,Pharmaceutical Preparations,"Erasca, Inc."
ERO,Metal Mining,Ero Copper Corp.
ESTC,Services-Prepackaged Software,Elastic N.V.
ETON,Pharmaceutical Preparations,"Eton Pharmaceuticals, Inc."
ETSY,"Services-Business Services, NEC",ETSY INC
EVER,"Services-Computer Programming, Data Processing, Etc.","EverQuote, Inc."
EVH,Services-Management Services,"Evolent Health, Inc."
EWTX,Pharmaceutical Preparations,"Edgewise Therapeutics, Inc."
EXPE,Transportation Services,"Expedia Group, Inc."
FA,Services-Computer Processing & Data Preparation,FIRST ADVANTAGE CORP
FATE,"Biological Products, (No Diagnostic Substances)",FATE THERAPEUTICS INC
FCEL,Electrical Industrial Apparatus,FUELCELL ENERGY INC
FDMT,"Biological Products, (No Diagnostic Substances)","4D Molecular Therapeutics, Inc."
FDS,"Services-Computer Programming, Data Processing, Etc.",FACTSET RESEARCH SYSTEMS INC
FEAM,Mining & Quarrying of  Nonmetallic Minerals (No Fuels),"5E Advanced Materials, Inc."
FEIM,Instruments For Meas & Testing of  Electricity & Elec Signals,FREQUENCY ELECTRONICS INC
FET,Oil & Gas Field Machinery & Equipment,"FORUM ENERGY TECHNOLOGIES, INC."
FFR,Finance Services,FF EAI Robotics Ecosystem Inc.
FIG,Services-Prepackaged Software,"Figma, Inc."
FIGS,Apparel & Other Finishd Prods of  Fabrics & Similar Matl,"FIGS, Inc."
FIRY,Services-Computer Processing & Data Preparation,Firy Inc.
FIVN,Services-Computer Processing & Data Preparation,"Five9, Inc."
FIX,Electrical Work,COMFORT SYSTEMS USA INC
FLEX,Printed Circuit Boards,FLEX LTD.
FLGT,Services-Medical Laboratories,"Fulgent Genetics, Inc."
FLXS,Household Furniture,FLEXSTEEL INDUSTRIES INC
FLYE,Motor Vehicles & Passenger Car Bodies,"Fly-E Group, Inc."
FN,Telephone & Telegraph Apparatus,Fabrinet
FNKO,"Games, Toys & Children's Vehicles (No Dolls & Bicycles)","Funko, Inc."
FORM,Semiconductors & Related Devices,FORMFACTOR INC
FOSL,"Watches, Clocks, Clockwork Operated Devices/Parts","Fossil Group, Inc."
FOUR,"Services-Business Services, NEC","Shift4 Payments, Inc."
FOXF,"Motorcycles, Bicycles & Parts",FOX FACTORY HOLDING CORP
FPS,Electrical Industrial Apparatus,"Forgent Power Solutions, Inc."
FRD,"Steel Works, Blast Furnaces & Rolling & Finishing Mills",FRIEDMAN INDUSTRIES INC
FRNM,Services-Medical Laboratories,"Freenome, Inc."
FRO,Deep Sea Foreign Transportation of  Freight,Frontline plc
FROG,Services-Prepackaged Software,JFrog Ltd
FRSH,Services-Prepackaged Software,Freshworks Inc.
FSLY,Services-Prepackaged Software,"Fastly, Inc."
FTFT,"Services-Business Services, NEC",Future FinTech Group Inc.
FTK,Miscellaneous Chemical Products,FLOTEK INDUSTRIES INC/CN/
FTRE,Services-Medical Laboratories,Fortrea Holdings Inc.
FWDI,Finance Services,"Forward Industries, Inc."
FWRD,Arrangement of  Transportation of  Freight & Cargo,FORWARD AIR CORP
GAU,Mining & Quarrying of  Nonmetallic Minerals (No Fuels),Galiano Gold Inc.
GCT,Retail-Catalog & Mail-Order Houses,GigaCloud Technology Inc
GCTS,Semiconductors & Related Devices,"GCT Semiconductor Holding, Inc."
GDC,Wholesale-Metals & Minerals (No Petroleum),GD Culture Group Ltd
GDDY,Services-Computer Integrated Systems Design,GoDaddy Inc.
GDYN,Services-Prepackaged Software,"GRID DYNAMICS HOLDINGS, INC."
GEMI,Finance Services,"Gemini Space Station, Inc."
GENB,Pharmaceutical Preparations,"Generate Biomedicines, Inc."
GENI,Services-Miscellaneous Amusement & Recreation,Genius Sports Ltd
GEO,General Bldg Contractors - Residential Bldgs,GEO GROUP INC
GFR,Crude Petroleum & Natural Gas,Greenfire Resources Ltd.
GH,Services-Medical Laboratories,"Guardant Health, Inc."
GKOS,Surgical & Medical Instruments & Apparatus,GLAUKOS Corp
GLBE,Services-Prepackaged Software,Global-E Online Ltd.
GLND,Drilling Oil & Gas Wells,Greenland Energy Co
GLOB,Services-Computer Processing & Data Preparation,Globant S.A.
GLOO,Services-Computer Processing & Data Preparation,"Gloo Holdings, Inc."
GME,Retail-Computer & Computer Software Stores,GameStop Corp.
GNRC,Motors & Generators,GENERAC HOLDINGS INC.
GO,Retail-Grocery Stores,Grocery Outlet Holding Corp.
GPRK,Crude Petroleum & Natural Gas,GeoPark Ltd
GPRO,Photographic Equipment & Supplies,"GoPro, Inc."
GRAL,Services-Medical Laboratories,"GRAIL, Inc."
GRML,"Biological Products, (No Diagnostic Substances)",Greenland Mines Ltd
GRND,"Services-Computer Programming, Data Processing, Etc.",Grindr Inc.
GROY,Gold and Silver Ores,Gold Royalty Corp.
GRPN,Services-Advertising Agencies,"Groupon, Inc."
GSHD,"Insurance Agents, Brokers & Service","Goosehead Insurance, Inc."
GSM,Metal Mining,Ferroglobe PLC
GTE,Crude Petroleum & Natural Gas,GRAN TIERRA ENERGY INC.
GTLB,Services-Prepackaged Software,Gitlab Inc.
GTM,Services-Prepackaged Software,ZoomInfo Technologies Inc.
GTN,Television Broadcasting Stations,"GRAY MEDIA, INC"
GWRE,Services-Prepackaged Software,"Guidewire Software, Inc."
HBB,Electric Housewares & Fans,Hamilton Beach Brands Holding Co
HBM,Metal Mining,Hudbay Minerals Inc.
HCC,Silver Ores,"WARRIOR MET COAL, INC."
HELE,Electric Housewares & Fans,HELEN OF TROY LTD
HELP,Pharmaceutical Preparations,Helus Pharma Inc.
HIMS,Services-Offices & Clinics of  Doctors of  Medicine,"Hims & Hers Health, Inc."
HIMX,Semiconductors & Related Devices,"Himax Technologies, Inc."
HITI,"Retail-Retail Stores, NEC",High Tide Inc.
HNGE,Services-Computer Processing & Data Preparation,"Hinge Health, Inc."
HNST,Retail-Catalog & Mail-Order Houses,"Honest Company, Inc."
HOOD,"Security Brokers, Dealers & Flotation Companies","Robinhood Markets, Inc."
HP,Drilling Oil & Gas Wells,"Helmerich & Payne, Inc."
HPE,Computer & office Equipment,Hewlett Packard Enterprise Co
HPK,Drilling Oil & Gas Wells,"HighPeak Energy, Inc."
HPP,Real Estate,"Hudson Pacific Properties, Inc."
HPQ,Computer & office Equipment,HP INC
HQ,Services-Computer Programming Services,Horizon Quantum Holdings Ltd.
HTFL,Surgical & Medical Instruments & Apparatus,"Heartflow, Inc."
HTZ,Services-Auto Rental & Leasing (No Drivers),"HERTZ GLOBAL HOLDINGS, INC"
HUBS,Services-Prepackaged Software,HUBSPOT INC
HUCK,Services-Prepackaged Software,"Huckleberry.ai, Inc."
HYLN,Truck & Bus Bodies,Hyliion Holdings Corp.
IA,Services-Computer Programming Services,INNOVATIVE SOLUTIONS & SUPPORT INC
IAUX,Gold and Silver Ores,i-80 Gold Corp.
IBEX,Services-Computer Processing & Data Preparation,IBEX Ltd
IBRX,"Biological Products, (No Diagnostic Substances)","ImmunityBio, Inc."
IBTA,Services-Advertising,"Ibotta, Inc."
ICHR,Semiconductors & Related Devices,"ICHOR HOLDINGS, LTD."
ICLR,Services-Commercial Physical & Biological Research,ICON PLC
IDT,Telephone Communications (No Radiotelephone),IDT CORP
IDYA,Pharmaceutical Preparations,"IDEAYA Biosciences, Inc."
IESC,Electrical Work,"IES Holdings, Inc."
ILMN,Laboratory Analytical Instruments,"ILLUMINA, INC."
IMAX,Photographic Equipment & Supplies,IMAX CORP
IMPP,Deep Sea Foreign Transportation of  Freight,Imperial Petroleum Inc./Marshall Islands
INBX,"Biological Products, (No Diagnostic Substances)","Inhibrx Biosciences, Inc."
INDP,Pharmaceutical Preparations,"Indaptus Therapeutics, Inc."
INFQ,Services-Computer Processing & Data Preparation,"Infleqtion, Inc."
INHD,"Retail-Retail Stores, NEC",INNO HOLDINGS INC.
INLF,"General Industrial Machinery & Equipment, NEC",INLIF Ltd
INO,Pharmaceutical Preparations,"INOVIO PHARMACEUTICALS, INC."
INOD,Services-Computer Processing & Data Preparation,INNODATA INC
INSP,Surgical & Medical Instruments & Apparatus,"Inspire Medical Systems, Inc."
INSW,Water Transportation,"International Seaways, Inc."
INTA,Services-Prepackaged Software,"Intapp, Inc."
INTC,Semiconductors & Related Devices,INTEL CORP
INTR,"Commercial Banks, NEC","Inter & Co, Inc."
INTU,Services-Prepackaged Software,INTUIT INC.
INVX,Oil & Gas Field Machinery & Equipment,"Innovex International, Inc."
IONQ,Services-Computer Integrated Systems Design,"IonQ, Inc."
IOT,Services-Computer Integrated Systems Design,Samsara Inc.
IOVA,"Biological Products, (No Diagnostic Substances)","IOVANCE BIOTHERAPEUTICS, INC."
IPDN,"Services-Computer Programming, Data Processing, Etc.","Professional Diversity Network, Inc."
IQ,Services-Video Tape Rental,"iQIYI, Inc."
IRD,Pharmaceutical Preparations,"Opus Genetics, Inc."
IRWD,Pharmaceutical Preparations,IRONWOOD PHARMACEUTICALS INC
IT,Services-Management Services,GARTNER INC
ITRG,Gold and Silver Ores,Integra Resources Corp.
JACK,Retail-Eating  Places,JACK IN THE BOX INC
JANX,Pharmaceutical Preparations,"Janux Therapeutics, Inc."
JDZG,Services-Educational Services,JIADE Ltd
JELD,"Millwood, Veneer, Plywood, & Structural Wood Members","JELD-WEN Holding, Inc."
JILL,"Women's, Misses':  and Juniors Outerwear","J.Jill, Inc."
JZXN,Retail-Auto Dealers & Gasoline Stations,"Jiuzi Holdings, Inc."
KE,Printed Circuit Boards,"Kimball Electronics, Inc."
KIDS,Surgical & Medical Instruments & Apparatus,ORTHOPEDIATRICS CORP
KLAC,Optical Instruments & Lenses,KLA CORP
KLIC,Semiconductors & Related Devices,KULICKE & SOFFA INDUSTRIES INC
KMTS,Surgical & Medical Instruments & Apparatus,"KESTRA MEDICAL TECHNOLOGIES, LTD."
KMX,Retail-Auto Dealers & Gasoline Stations,CARMAX INC
KOD,"Biological Products, (No Diagnostic Substances)",Kodiak Sciences Inc.
KOPN,Semiconductors & Related Devices,KOPIN CORP
KOS,Crude Petroleum & Natural Gas,Kosmos Energy Ltd.
KRNT,Printing Trades Machinery & Equipment,Kornit Digital Ltd.
KRO,Industrial Inorganic Chemicals,KRONOS WORLDWIDE INC
KRSA,Pharmaceutical Preparations,"Korsana Biosciences, Inc."
KSS,Retail-Department Stores,KOHLS Corp
KURA,Pharmaceutical Preparations,"Kura Oncology, Inc."
KVYO,Services-Prepackaged Software,"Klaviyo, Inc."
KXIN,Retail-Auto Dealers & Gasoline Stations,Kaixin Holdings
KYMR,"Biological Products, (No Diagnostic Substances)","Kymera Therapeutics, Inc."
LB,Oil Royalty Traders,LandBridge Co LLC
LBRX,Pharmaceutical Preparations,LB PHARMACEUTICALS INC
LIFE,"Insurance Agents, Brokers & Service",Ethos Technologies Inc.
LIND,Transportation Services,"LINDBLAD EXPEDITIONS HOLDINGS, INC."
LITE,"Communications Equipment, NEC",Lumentum Holdings Inc.
LMRI,Services-Medical Laboratories,"Lumexa Imaging Holdings, Inc."
LPG,Deep Sea Foreign Transportation of  Freight,DORIAN LPG LTD.
LPLA,"Security & Commodity Brokers, Dealers, Exchanges & Services",LPL Financial Holdings Inc.
LPTH,Semiconductors & Related Devices,LIGHTPATH TECHNOLOGIES INC
LRCX,"Special Industry Machinery, NEC",LAM RESEARCH CORP
LSCC,Semiconductors & Related Devices,LATTICE SEMICONDUCTOR CORP
LTH,Services-Membership Sports & Recreation Clubs,"Life Time Group Holdings, Inc."
LTRX,Computer Communications Equipment,LANTRONIX INC
LUXE,Retail-Catalog & Mail-Order Houses,LuxExperience B.V.
LW,"Canned, Frozen & Preservd Fruit, Veg & Food Specialties","Lamb Weston Holdings, Inc."
LXEH,Services-Educational Services,Lixiang Education Holding Co. Ltd.
LZ,Services-Computer Processing & Data Preparation,"LEGALZOOM.COM, INC."
M,Retail-Department Stores,"Macy's, Inc."
MAAS,Investment Advice,Maase Inc.
MAN,Services-Help Supply Services,ManpowerGroup Inc.
MANE,Pharmaceutical Preparations,"Veradermics, Inc"
MASS,Laboratory Analytical Instruments,908 Devices Inc.
MAT,Dolls & Stuffed Toys,MATTEL INC /DE/
MAX,"Services-Business Services, NEC","MediaAlpha, Inc."
MAZE,"Biological Products, (No Diagnostic Substances)","Maze Therapeutics, Inc."
MBX,Pharmaceutical Preparations,"MBX Biosciences, Inc."
MDB,Services-Prepackaged Software,"MongoDB, Inc."
MDXG,Surgical & Medical Instruments & Apparatus,"MIMEDX GROUP, INC."
MEDS,"Wholesale-Drugs, Proprietaries & Druggists' Sundries","DataMeds AI, Inc."
MEI,Electronic Connectors,METHODE ELECTRONICS INC
MGNI,"Services-Computer Programming, Data Processing, Etc.","MAGNITE, INC."
MH,Miscellaneous Publishing,"McGraw Hill, Inc."
MITK,"Computer Peripheral Equipment, NEC",MITEK SYSTEMS INC
MLAB,"Industrial Instruments For Measurement, Display, and Control",MESA LABORATORIES INC /CO/
MLKN,Office Furniture,"MILLERKNOLL, INC."
MMED,Surgical & Medical Instruments & Apparatus,"MiniMed Group, Inc."
MNDY,Services-Prepackaged Software,monday.com Ltd.
MNOV,Pharmaceutical Preparations,MEDICINOVA INC
MNPR,Pharmaceutical Preparations,Monopar Therapeutics
MNTK,Gas & Other Services Combined,"Montauk Renewables, Inc."
MNTN,Services-Advertising,"MNTN, Inc."
MPC,Petroleum Refining,Marathon Petroleum Corp
MPWR,Semiconductors & Related Devices,"MONOLITHIC POWER SYSTEMS, INC."
MRAM,Semiconductors & Related Devices,EVERSPIN TECHNOLOGIES INC.
MRNA,"Biological Products, (No Diagnostic Substances)","Moderna, Inc."
MRVI,Pharmaceutical Preparations,"MARAVAI LIFESCIENCES HOLDINGS, INC."
MRVL,Semiconductors & Related Devices,"Marvell Technology, Inc."
MRX,"Security & Commodity Brokers, Dealers, Exchanges & Services",Marex Group Ltd
MSGE,Services-Miscellaneous Amusement & Recreation,Madison Square Garden Entertainment Corp.
MSGY,Construction - Special Trade Contractors,Masonglory Ltd
MSTR,Finance Services,Strategy Inc
MTEN,"Metal Doors, Sash, Frames, Moldings & Trim",Mingteng International Corp Inc.
MTN,Services-Miscellaneous Amusement & Recreation,VAIL RESORTS INC
MTRN,Metal Forgings & Stampings,MATERION Corp
MTSI,Semiconductors & Related Devices,"MACOM Technology Solutions Holdings, Inc."
MTW,Construction Machinery & Equip,MANITOWOC CO INC
MU,Semiconductors & Related Devices,MICRON TECHNOLOGY INC
MX,Semiconductors & Related Devices,MAGNACHIP SEMICONDUCTOR Corp
MXL,Semiconductors & Related Devices,"MAXLINEAR, INC"
MYGN,In Vitro & In Vivo Diagnostic Substances,MYRIAD GENETICS INC
NABL,Services-Prepackaged Software,"N-able, Inc."
NAKA,Finance Services,Nakamoto Inc.
NAMI,Services-Educational Services,Jinxin Technology Holding Co
NAT,Water Transportation,NORDIC AMERICAN TANKERS Ltd
NAUT,Laboratory Analytical Instruments,"Nautilus Biotechnology, Inc."
NAVI,"Security Brokers, Dealers & Flotation Companies",NAVIENT CORP
NAVN,Services-Prepackaged Software,"Navan, Inc."
NBIS,"Services-Computer Programming, Data Processing, Etc.",Nebius Group N.V.
NCNO,Services-Prepackaged Software,"nCino, Inc."
NCPL,Finance Services,Netcapital Inc.
NEO,Services-Testing Laboratories,NEOGENOMICS INC
NEOG,In Vitro & In Vivo Diagnostic Substances,NEOGEN CORP
NEOV,"Miscellaneous Electrical Machinery, Equipment & Supplies",NeoVolta Inc.
NET,Services-Prepackaged Software,"Cloudflare, Inc."
NEWP,Gold and Silver Ores,NEW PACIFIC METALS CORP
NFE,Natural Gas Distribution,New Fortress Energy Inc.
NICE,Services-Prepackaged Software,NICE Ltd.
NIQ,"Services-Computer Programming, Data Processing, Etc.",NIQ Global Intelligence plc
NMAX,Television Broadcasting Stations,Newsmax Inc.
NNBR,Metalworkg Machinery & Equipment,NN INC
NOW,Services-Prepackaged Software,"ServiceNow, Inc."
NRC,Services-Commercial Physical & Biological Research,NRC HEALTH
NRDS,Services-Computer Processing & Data Preparation,"NERDWALLET, INC."
NRGV,"Miscellaneous Electrical Machinery, Equipment & Supplies","Energy Vault Holdings, Inc."
NRIX,Pharmaceutical Preparations,"Nurix Therapeutics, Inc."
NSIT,Retail-Catalog & Mail-Order Houses,INSIGHT ENTERPRISES INC
NSP,Services-Help Supply Services,"INSPERITY, INC."
NTAP,Computer Storage Devices,"NetApp, Inc."
NTLA,In Vitro & In Vivo Diagnostic Substances,"Intellia Therapeutics, Inc."
NTRA,Services-Medical Laboratories,"Natera, Inc."
NTSK,Services-Prepackaged Software,Netskope Inc
NUAI,Crude Petroleum & Natural Gas,"New ERA Energy & Digital, Inc."
NUTX,"Services-Business Services, NEC",Nutex Health Inc.
NVA,Gold and Silver Ores,Nova Minerals Corp
NVAX,"Biological Products, (No Diagnostic Substances)",NOVAVAX INC
NVCR,Surgical & Medical Instruments & Apparatus,NovoCure Ltd
NVCT,Pharmaceutical Preparations,"Nuvectis Pharma, Inc."
NVEC,Semiconductors & Related Devices,NVE CORP /NEW/
NVT,Special Industry Machinery (No Metalworking Machinery),nVent Electric plc
NVTS,Semiconductors & Related Devices,Navitas Semiconductor Corp
NWL,"Plastics Products, NEC",NEWELL BRANDS INC.
NXDR,"Services-Computer Programming, Data Processing, Etc.","Nextdoor Holdings, Inc."
OABI,Services-Commercial Physical & Biological Research,"OmniAb, Inc."
OBE,Crude Petroleum & Natural Gas,OBSIDIAN ENERGY LTD.
OBIO,Surgical & Medical Instruments & Apparatus,"Orchestra BioMed Holdings, Inc."
OCC,Drawing & Insulating of  Nonferrous Wire,OPTICAL CABLE CORP
ODD,"Perfumes, Cosmetics & Other Toilet Preparations",Oddity Tech Ltd
OEC,Miscellaneous Chemical Products,Orion S.A.
OFRM,Food and Kindred Products,"Once Upon a Farm, PBC"
OGG,Gold and Silver Ores,Osisko Gold Group Inc.
OII,"Oil & Gas Field Services, NEC",OCEANEERING INTERNATIONAL INC
OKTA,Services-Prepackaged Software,"Okta, Inc."
OMDA,Services-Health Services,"Omada Health, Inc."
OMER,Pharmaceutical Preparations,OMEROS CORP
ON,Semiconductors & Related Devices,ON SEMICONDUCTOR CORP
ONDS,Radio & Tv Broadcasting & Communications Equipment,Ondas Inc.
ONON,Rubber & Plastics Footwear,On Holding AG
ONTO,"Measuring & Controlling Devices, NEC",ONTO INNOVATION INC.
OOMA,Services-Computer Processing & Data Preparation,OOMA INC
OPK,Pharmaceutical Preparations,"OPKO HEALTH, INC."
OPNW,Finance Services,"OpenWorld, Inc."
OPRT,Finance Services,Oportun Financial Corp
OPTX,Optical Instruments & Lenses,"SYNTEC OPTICS HOLDINGS, INC."
OPY,"Security Brokers, Dealers & Flotation Companies",OPPENHEIMER HOLDINGS INC
ORIC,Pharmaceutical Preparations,"Oric Pharmaceuticals, Inc."
ORKA,Pharmaceutical Preparations,"Oruka Therapeutics, Inc."
OSCR,Hospital & Medical Service Plans,"Oscar Health, Inc."
OSUR,Surgical & Medical Instruments & Apparatus,ORASURE TECHNOLOGIES INC
OUST,"General Industrial Machinery & Equipment, NEC","Ouster, Inc."
OWL,Investment Advice,BLUE OWL CAPITAL INC.
P,Computer Storage Devices,"Everpure, Inc."
PAAI,Cable & Other Pay Television Services,"Paradium.AI, Inc."
PACB,Laboratory Analytical Instruments,"PACIFIC BIOSCIENCES OF CALIFORNIA, INC."
PACS,Services-Skilled Nursing Care Facilities,"PACS Group, Inc."
PAGS,Services-Computer Processing & Data Preparation,PagSeguro Digital Ltd.
PAHC,Pharmaceutical Preparations,PHIBRO ANIMAL HEALTH CORP
PANW,"Computer Peripheral Equipment, NEC",Palo Alto Networks Inc
PAR,Calculating & Accounting Machines (No Electronic Computers),PAR TECHNOLOGY CORP
PARR,Crude Petroleum & Natural Gas,"PAR PACIFIC HOLDINGS, INC."
PATH,Services-Prepackaged Software,"UiPath, Inc."
PAY,"Services-Business Services, NEC","Paymentus Holdings, Inc."
PAYS,"Services-Business Services, NEC","Paysign, Inc."
PBF,Petroleum Refining,PBF Energy Inc.
PBT,Oil Royalty Traders,PERMIAN BASIN ROYALTY TRUST
PBYI,Pharmaceutical Preparations,"PUMA BIOTECHNOLOGY, INC."
PCLA,Electric Lighting & Wiring Equipment,PicoCELA Inc.
PCOR,Services-Prepackaged Software,"PROCORE TECHNOLOGIES, INC."
PCVX,"Biological Products, (No Diagnostic Substances)","Vaxcyte, Inc."
PD,Services-Prepackaged Software,"PagerDuty, Inc."
PDEX,Surgical & Medical Instruments & Apparatus,PRO DEX INC
PDFS,Services-Prepackaged Software,PDF SOLUTIONS INC
PDSB,Pharmaceutical Preparations,PDS Biotechnology Corp
PEGA,Services-Computer Processing & Data Preparation,PEGASYSTEMS INC
PENG,Semiconductors & Related Devices,"Penguin Solutions, Inc."
PEPG,Pharmaceutical Preparations,PepGen Inc.
PESI,Hazardous Waste Management,PERMA FIX ENVIRONMENTAL SERVICES INC
PFAI,Agricultural Services,Pinnacle Food Group Ltd
PGEN,Pharmaceutical Preparations,"PRECIGEN, INC."
PGY,Finance Services,Pagaya Technologies Ltd.
PI,"Electronic Components, NEC",IMPINJ INC
PICS,Personal Credit Institutions,PicS N.V.
PINS,"Services-Computer Programming, Data Processing, Etc.","PINTEREST, INC."
PLPC,"Water, Sewer, Pipeline, Comm & Power Line Construction",PREFORMED LINE PRODUCTS CO
PLSE,Surgical & Medical Instruments & Apparatus,"PULSE BIOSCIENCES, INC."
PLX,"Biological Products, (No Diagnostic Substances)","Protalix BioTherapeutics, Inc."
PMI,Surgical & Medical Instruments & Apparatus,"Picard Medical, Inc."
PNTG,Services-Health Services,"Pennant Group, Inc."
PPHC,Services-Management Consulting Services,"Public Policy Holding Company, Inc."
PRAA,Short-Term Business Credit Institutions,PRA GROUP INC
PRCH,Accident & Health Insurance,"Porch Group, Inc."
PRE,Pharmaceutical Preparations,Prenetics Global Ltd
PRGO,Pharmaceutical Preparations,PERRIGO Co plc
PRGS,Services-Prepackaged Software,PROGRESS SOFTWARE CORP /MA
PRIM,"Water, Sewer, Pipeline, Comm & Power Line Construction",Primoris Services Corp
PRLB,Fabricated Structural Metal Products,Proto Labs Inc
PRME,"Biological Products, (No Diagnostic Substances)","Prime Medicine, Inc."
PRPO,Laboratory Analytical Instruments,"Precipio, Inc."
PSIG,Arrangement of  Transportation of  Freight & Cargo,PS International Group Ltd.
PSIX,Engines & Turbines,"POWER SOLUTIONS INTERNATIONAL, INC."
PTEN,Drilling Oil & Gas Wells,PATTERSON UTI ENERGY INC
PTRN,Retail-Catalog & Mail-Order Houses,Pattern Group Inc.
PUBM,"Services-Computer Programming, Data Processing, Etc.","PubMatic, Inc."
PURR,Finance Services,Hyperliquid Strategies Inc
QCOM,Radio & Tv Broadcasting & Communications Equipment,QUALCOMM INC/DE
QLYS,Services-Prepackaged Software,"QUALYS, INC."
QMCO,Computer Storage Devices,QUANTUM CORP /DE/
QNST,"Services-Business Services, NEC","QUINSTREET, INC"
QSI,"Measuring & Controlling Devices, NEC",Quantum-Si Inc
QTEX,Surgical & Medical Instruments & Apparatus,QTREX Quantum Ltd.
QTRX,Laboratory Analytical Instruments,Quanterix Corp
QTTB,Pharmaceutical Preparations,Q32 Bio Inc.
RBLX,Services-Prepackaged Software,Roblox Corp
RBRK,Services-Prepackaged Software,"Rubrik, Inc."
RCEL,Surgical & Medical Instruments & Apparatus,"AVITA Medical, Inc."
RCL,Water Transportation,ROYAL CARIBBEAN CRUISES LTD
RDDT,Services-Computer Processing & Data Preparation,"Reddit, Inc."
RDNT,Services-Medical Laboratories,"RadNet, Inc."
RDW,Guided Missiles & Space Vehicles & Parts,Redwire Corp
RDWR,"Services-Business Services, NEC",RADWARE LTD
REAL,Retail-Miscellaneous Retail,"TheRealReal, Inc."
REI,Crude Petroleum & Natural Gas,"RING ENERGY, INC."
RELL,"Wholesale-Electronic Parts & Equipment, NEC","RICHARDSON ELECTRONICS, LTD."
RELY,"Services-Business Services, NEC","Remitly Global, Inc."
REPL,"Biological Products, (No Diagnostic Substances)","Replimune Group, Inc."
RGEN,"Biological Products, (No Diagnostic Substances)",REPLIGEN CORP
RGNX,"Biological Products, (No Diagnostic Substances)",REGENXBIO Inc.
RHI,Services-Help Supply Services,ROBERT HALF INC.
RIGL,Pharmaceutical Preparations,RIGEL PHARMACEUTICALS INC
RKLB,Guided Missiles & Space Vehicles & Parts,Rocket Lab Corp
RLAY,"Biological Products, (No Diagnostic Substances)","Relay Therapeutics, Inc."
RLGT,Arrangement of  Transportation of  Freight & Cargo,"RADIANT LOGISTICS, INC"
RMBS,Semiconductors & Related Devices,RAMBUS INC
RNG,Services-Computer Processing & Data Preparation,"RingCentral, Inc."
ROG,"Plastic Materials, Synth Resins & Nonvulcan Elastomers",ROGERS CORP
RPD,Services-Prepackaged Software,"Rapid7, Inc."
RSKD,"Services-Business Services, NEC",RISKIFIED LTD.
RUM,"Services-Computer Programming, Data Processing, Etc.",RUM Group Inc.
RVLV,Retail-Catalog & Mail-Order Houses,"Revolve Group, Inc."
RVMD,"Biological Products, (No Diagnostic Substances)","Revolution Medicines, Inc."
RVTY,Laboratory Analytical Instruments,"REVVITY, INC."
RXO,Transportation Services,"RXO, Inc."
RXRX,"Biological Products, (No Diagnostic Substances)","RECURSION PHARMACEUTICALS, INC."
RXT,"Services-Computer Programming, Data Processing, Etc.","Rackspace Technology, Inc."
RYAN,"Insurance Agents, Brokers & Service","RYAN SPECIALTY HOLDINGS, INC."
RZLT,Pharmaceutical Preparations,"Rezolute, Inc."
S,Services-Prepackaged Software,"SentinelOne, Inc."
SABR,"Services-Computer Programming, Data Processing, Etc.",Sabre Corp
SAIL,Services-Prepackaged Software,"SailPoint, Inc."
SANM,Printed Circuit Boards,SANMINA CORP
SATL,Radio & Tv Broadcasting & Communications Equipment,Satellogic Inc.
SB,Deep Sea Foreign Transportation of  Freight,"SAFE BULKERS, INC."
SBET,Finance Services,"Sharplink, Inc."
SCZM,Gold and Silver Ores,Santacruz Silver Mining Ltd.
SDEV,Finance Services,Stablecoin Development Corp
SDGR,Pharmaceutical Preparations,"Schrodinger, Inc."
SDRL,Drilling Oil & Gas Wells,SEADRILL Ltd
SEI,Oil & Gas Field Machinery & Equipment,"Solaris Energy Infrastructure, Inc."
SENS,"Industrial Instruments For Measurement, Display, and Control","Senseonics Holdings, Inc."
SEPN,Pharmaceutical Preparations,"Septerna, Inc."
SEZL,"Services-Business Services, NEC",Sezzle Inc.
SG,Retail-Eating  Places,"Sweetgreen, Inc."
SGHT,Surgical & Medical Instruments & Apparatus,"Sight Sciences, Inc."
SGMT,Pharmaceutical Preparations,Sagimet Biosciences Inc.
SGP,Surgical & Medical Instruments & Apparatus,"SpyGlass Pharma, Inc."
SHAK,Retail-Eating & Drinking Places,Shake Shack Inc.
SHLS,Semiconductors & Related Devices,"Shoals Technologies Group, Inc."
SHMD,Misc Industrial & Commercial Machinery & Equipment,SCHMID Group N.V.
SHOP,Services-Prepackaged Software,SHOPIFY INC.
SI,Surgical & Medical Instruments & Apparatus,"SHOULDER INNOVATIONS, INC."
SIBN,Surgical & Medical Instruments & Apparatus,"SI-BONE, Inc."
SID,"Steel Works, Blast Furnaces & Rolling & Finishing Mills",NATIONAL STEEL CO
SIG,Retail-Jewelry Stores,SIGNET JEWELERS LTD
SILC,Computer Communications Equipment,SILICOM LTD.
SIMO,Semiconductors & Related Devices,Silicon Motion Technology CORP
SITM,Semiconductors & Related Devices,SITIME Corp
SKE,Gold and Silver Ores,Skeena Resources Ltd
SKYQ,Hazardous Waste Management,Sky Quarry Inc.
SLDE,"Fire, Marine & Casualty Insurance","Slide Insurance Holdings, Inc."
SLGL,Pharmaceutical Preparations,Sol-Gel Technologies Ltd.
SLN,Pharmaceutical Preparations,Silence Therapeutics plc
SLS,Pharmaceutical Preparations,"SELLAS Life Sciences Group, Inc."
SM,Crude Petroleum & Natural Gas,SM Energy Co
SMCI,Electronic Computers,"Super Micro Computer, Inc."
SMMT,Pharmaceutical Preparations,Summit Therapeutics Inc.
SMTC,Semiconductors & Related Devices,SEMTECH CORP
SMWB,"Services-Computer Programming, Data Processing, Etc.",SIMILARWEB LTD.
SN,Household Appliances,"SharkNinja, Inc."
SNAP,"Services-Computer Programming, Data Processing, Etc.",Snap Inc
SNDK,Computer Storage Devices,Sandisk Corp
SNOW,Services-Prepackaged Software,Snowflake Inc.
SNPS,Services-Prepackaged Software,SYNOPSYS INC
SNX,Wholesale-Computers & Peripheral Equipment & Software,TD SYNNEX CORP
SONO,Household Audio & Video Equipment,Sonos Inc
SOPH,Services-Computer Processing & Data Preparation,SOPHiA GENETICS SA
SPCE,Transportation Services,"Virgin Galactic Holdings, Inc"
SPHL,General Bldg Contractors - Residential Bldgs,SPRINGVIEW HOLDINGS LTD
SPSC,Services-Prepackaged Software,SPS COMMERCE INC
SPT,Services-Prepackaged Software,"Sprout Social, Inc."
SRZN,"Biological Products, (No Diagnostic Substances)","Surrozen, Inc./DE"
SSRM,Mineral Royalty Traders,SSR MINING INC.
SSTI,Services-Prepackaged Software,"SOUNDTHINKING, INC."
STAK,Oil & Gas Field Machinery & Equipment,STAK Inc.
STIM,Surgical & Medical Instruments & Apparatus,"Neuronetics, Inc."
STLN,Services-Offices & Clinics of  Doctors of  Medicine,"Starling Oncology, Inc."
STNE,Services-Computer Processing & Data Preparation,StoneCo Ltd.
STTK,Pharmaceutical Preparations,"Shattuck Labs, Inc."
STVN,Surgical & Medical Instruments & Apparatus,Stevanato Group S.p.A.
SUNB,"Services-Equipment Rental & Leasing, NEC","Sunbelt Rentals Holdings, Inc."
SUPX,Services-Management Consulting Services,SuperX AI Technology Ltd
SVCO,Services-Prepackaged Software,"Silvaco Group, Inc."
SVIA,Finance Services,"Silvia, Inc."
SVRN,Deep Sea Foreign Transportation of  Freight,OceanPal Inc.
SVV,Retail-Miscellaneous Retail,"Savers Value Village, Inc."
SWIM,"Plastics Products, NEC","Latham Group, Inc."
SWKS,Semiconductors & Related Devices,"SKYWORKS SOLUTIONS, INC."
SYNA,Semiconductors & Related Devices,SYNAPTICS Inc
SYRE,Pharmaceutical Preparations,"Spyre Therapeutics, Inc."
TARS,"Biological Products, (No Diagnostic Substances)","Tarsus Pharmaceuticals, Inc."
TASK,Services-Computer Processing & Data Preparation,"TaskUs, Inc."
TAYD,"General Industrial Machinery & Equipment, NEC","TAYLOR DEVICES, INC."
TBI,Services-Help Supply Services,"TrueBlue, Inc."
TEAM,Services-Prepackaged Software,Atlassian Corp
TEM,"Services-Computer Programming, Data Processing, Etc.","Tempus AI, Inc."
TEN,Deep Sea Foreign Transportation of  Freight,TSAKOS ENERGY NAVIGATION LTD
TENB,Services-Prepackaged Software,"Tenable Holdings, Inc."
TER,Instruments For Meas & Testing of  Electricity & Elec Signals,"TERADYNE, INC"
TGB,Gold and Silver Ores,Trekor Metals Ltd
TGE,Periodicals: Publishing or  Publishing & Printing,Generation Essentials Group
TGTX,Pharmaceutical Preparations,"TG THERAPEUTICS, INC."
TH,"Hotels, Rooming Houses, Camps & Other Lodging Places",Target Hospitality Corp.
TIC,"Services-Business Services, NEC","TIC Solutions, Inc."
TITN,"Retail-Retail Stores, NEC",Titan Machinery Inc.
TJGC,Services-Advertising Agencies,TJGC GROUP Ltd
TKNO,In Vitro & In Vivo Diagnostic Substances,"Alpha Teknova, Inc."
TLN,Electric Services,Talen Energy Corp
TLSI,Surgical & Medical Instruments & Apparatus,"TriSalus Life Sciences, Inc."
TNGX,Pharmaceutical Preparations,"Tango Therapeutics, Inc."
TNK,Water Transportation,TEEKAY TANKERS LTD.
TNMG,Services-Advertising,TNL Mediagene
TNON,Surgical & Medical Instruments & Apparatus,"Tenon Medical, Inc."
TRAX,Pharmaceutical Preparations,"First Tracks Biotherapeutics, Inc."
TRLV,Medicinal Chemicals & Botanical Products,Trulieve Cannabis Corp.
TRMD,Deep Sea Foreign Transportation of  Freight,TORM plc
TRNS,Instruments For Meas & Testing of  Electricity & Elec Signals,TRANSCAT INC
TRUP,Hospital & Medical Service Plans,"TRUPANION, INC."
TRX,Gold and Silver Ores,TRX GOLD Corp
TSAT,"Communications Services, NEC",Telesat Corp
TSEM,Semiconductors & Related Devices,TOWER SEMICONDUCTOR LTD
TSSI,Services-Management Consulting Services,"TSS, Inc."
TTAN,Services-Prepackaged Software,"ServiceTitan, Inc."
TTRX,Pharmaceutical Preparations,Turn Therapeutics Inc.
TVTX,Pharmaceutical Preparations,"Travere Therapeutics, Inc."
TWFG,"Insurance Agents, Brokers & Service","TWFG, Inc."
TWIN,General Industrial Machinery & Equipment,TWIN DISC INC
TWLO,Services-Prepackaged Software,TWILIO INC
TWST,"Biological Products, (No Diagnostic Substances)",Twist Bioscience Corp
TXG,Laboratory Analytical Instruments,"10x Genomics, Inc."
U,Services-Prepackaged Software,Unity Software Inc.
UI,Radio & Tv Broadcasting & Communications Equipment,Ubiquiti Inc.
ULCC,"Air Transportation, Scheduled","Frontier Group Holdings, Inc."
UMAC,Radio & Tv Broadcasting & Communications Equipment,"Unusual Machines, Inc."
UPXI,Finance Services,"UPEXI, INC."
URGN,Pharmaceutical Preparations,UroGen Pharma Ltd.
UROY,Commodity Contracts Brokers & Dealers,Uranium Royalty Corp.
VECO,"Special Industry Machinery, NEC",VEECO INSTRUMENTS INC
VEEA,Services-Computer Integrated Systems Design,VEEA INC.
VEEE,Ship & Boat Building & Repairing,"Twin Vee PowerCats, Co."
VEON,Radiotelephone Communications,VEON Ltd.
VERX,Services-Prepackaged Software,"Vertex, Inc."
VFF,Agricultural Production-Crops,"Village Farms International, Inc."
VG,Natural Gas Distribution,"Venture Global, Inc."
VGZ,Gold and Silver Ores,VISTA GOLD CORP
VIA,Services-Prepackaged Software,"Via Transportation, Inc."
VIAV,Semiconductors & Related Devices,VIAVI SOLUTIONS INC.
VICR,"Electronic Components, NEC",VICOR CORP
VIR,"Biological Products, (No Diagnostic Substances)","Vir Biotechnology, Inc."
VLO,Petroleum Refining,VALERO ENERGY CORP/TX
VNCE,Retail-Apparel & Accessory Stores,VINCE HOLDING CORP.
VOR,"Biological Products, (No Diagnostic Substances)",Vor Biopharma Inc.
VOYG,Guided Missiles & Space Vehicles & Parts,"Voyager Technologies, Inc./TX"
VPG,Electronic Components & Accessories,"Vishay Precision Group, Inc."
VRA,Leather & Leather Products,"Vera Bradley, Inc."
VRNS,Services-Prepackaged Software,VARONIS SYSTEMS INC
VSAT,"Communications Services, NEC",VIASAT INC
VSH,Electronic Components & Accessories,VISHAY INTERTECHNOLOGY INC
VST,Electric Services,Vistra Corp.
VSTM,Pharmaceutical Preparations,"Verastem, Inc."
VSTS,Wholesale-Miscellaneous Nondurable Goods,Vestis Corp
VSXY,Retail-Women's Clothing Stores,Victoria's Secret & Co.
VUZI,Radio & Tv Broadcasting & Communications Equipment,Vuzix Corp
VZLA,Gold and Silver Ores,Vizsla Silver Corp.
W,Retail-Catalog & Mail-Order Houses,Wayfair Inc.
WAFU,Services-Educational Services,Wah Fu Education & Technology Group Ltd.
WAY,Services-Computer Integrated Systems Design,Waystar Holding Corp.
WDAY,Services-Computer Processing & Data Preparation,"Workday, Inc."
WGS,Services-Health Services,GeneDx Holdings Corp.
WIX,"Services-Computer Programming, Data Processing, Etc.",Wix.com Ltd.
WK,Services-Prepackaged Software,WORKIVA INC
WLTH,Finance Services,WEALTHFRONT CORP
WNC,Truck Trailers,WABASH NATIONAL Corp
WOLF,Semiconductors & Related Devices,"WOLFSPEED, INC."
WOR,"Steel Works, Blast Furnaces & Rolling & Finishing Mills","WORTHINGTON ENTERPRISES, INC."
WRBY,Ophthalmic Goods,Warby Parker Inc.
WS,"Steel Works, Blast Furnaces & Rolling & Finishing Mills","Worthington Steel, Inc."
WT,"Security Brokers, Dealers & Flotation Companies","WisdomTree, Inc."
WTI,Crude Petroleum & Natural Gas,W&T OFFSHORE INC
WTTR,"Oil & Gas Field Services, NEC","Select Water Solutions, Inc."
WW,Services-Personal Services,"WW INTERNATIONAL, INC."
XERS,Pharmaceutical Preparations,"Xeris Biopharma Holdings, Inc."
XGN,Services-Medical Laboratories,EXAGEN INC.
XHG,"Insurance Agents, Brokers & Service",XChange TEC.INC
XMTR,"Services-Business Services, NEC","Xometry, Inc."
XNCR,Pharmaceutical Preparations,Xencor Inc
XP,"Security Brokers, Dealers & Flotation Companies",XP Inc.
XPRO,"Oil & Gas Field Services, NEC",Expro Ltd
XRPN,Blank Checks,Armada Acquisition Corp. II
XRX,"Computer Peripheral Equipment, NEC",Xerox Holdings Corp
XXI,Finance Services,"Twenty One Capital, Inc."
XZO,Services-Prepackaged Software,"Exzeo Group, Inc."
YARW,Pharmaceutical Preparations,"Yarrow Bioscience, Inc."
YDES,Services-Medical Laboratories,YD Bio Ltd
YEXT,Services-Computer Processing & Data Preparation,"Yext, Inc."
ZBIO,Pharmaceutical Preparations,"Zenas BioPharma, Inc."
ZETA,Services-Prepackaged Software,Zeta Global Holdings Corp.
ZH,"Services-Business Services, NEC",Zhihu Inc.
ZIP,"Services-Computer Programming, Data Processing, Etc.","ZIPRECRUITER, INC."
ZLAB,Pharmaceutical Preparations,Zai Lab Ltd
ZS,Services-Computer Programming Services,"Zscaler, Inc."
